[{"assetType":"PassmanData","assetObject":{"name":"API_ACCESS_KEYbcaaf340-1e64-466e-8108-78a3fc08c5cd","id":"API_ACCESS_KEYbcaaf340-1e64-466e-8108-78a3fc08c5cd","status":"Success","explanation":"OK","warning":false}},{"assetType":"PolicyAction","assetObject":{"name":"Policy Action [Enable HTTP / HTTPS] -> Policy For API ObservabilityAPI[1.0]","id":"e3d2cace-df2f-453f-bc5c-33da5b0a052b","status":"Success","explanation":"OK","warning":false}},{"assetType":"Application","assetObject":{"name":"demo-app","id":"bcaaf340-1e64-466e-8108-78a3fc08c5cd","status":"Success","explanation":"OK","warning":false}},{"assetType":"PassmanData","assetObject":{"name":"HTTP_AUTH_OUTBOUND_CLIENT_PWDbe_msr-sandbox_creds","id":"HTTP_AUTH_OUTBOUND_CLIENT_PWDbe_msr-sandbox_creds","status":"Success","explanation":"OK","warning":false}},{"assetType":"Alias","assetObject":{"name":"be_msr-sandbox_url","id":"774492d7-766e-4e96-a3d2-edc55bbc6f82","status":"Success","explanation":"OK","warning":false}},{"assetType":"PolicyAction","assetObject":{"name":"Policy Action [Straight Through Routing] -> Policy For API ObservabilityAPI[1.0]","id":"c5c7566f-5509-457e-a2f2-cee1721a4599","status":"Success","explanation":"OK","warning":false}},{"assetType":"Policy","assetObject":{"name":"Policy For API ObservabilityAPI[1.0]","id":"4966847d-9783-435d-bc93-b1d486b83009","status":"Success","explanation":"OK","warning":false}},{"assetType":"Alias","assetObject":{"name":"be_msr-sandbox_creds","id":"deb97ee0-1383-4106-a3e6-a08e3a014703","status":"Success","explanation":"OK","warning":false}},{"assetType":"PolicyAction","assetObject":{"name":"Policy Action [Identify & Authorize] -> Policy For API ObservabilityAPI[1.0]","id":"edb07c9a-be61-4253-882c-221e7ad08f42","status":"Success","explanation":"OK","warning":false}},{"assetType":"PolicyAction","assetObject":{"name":"Policy Action [Outbound Auth - Transport] -> Policy For API ObservabilityAPI[1.0]","id":"12032388-20e8-44fe-98b0-482ef1efe4dc","status":"Success","explanation":"OK","warning":false}},{"assetType":"API","assetObject":{"name":"ObservabilityAPI[1.0]","id":"8be5735f-d484-4d6f-b1fb-8e5ed29210c3","status":"Success","explanation":"OK","warning":false}},{"assetType":"RegisteredApplication","assetObject":{"name":"RegisteredApplication [ demo-app ]","id":"bcaaf340-1e64-466e-8108-78a3fc08c5cd","status":"Success","explanation":"OK","warning":false}}]